"year","month","date","close","high","low","open","volume"
"1992",Jan,"1992-01-01",3223.4,3299.19,3139.31,3152.1,"561160000"
"1992",Feb,"1992-02-01",3267.7,3293.38,3207.96,3223.4,"411150000"
"1992",Mar,"1992-03-01",3235.5,3299.64,3188.28,3267.7,"402410000"
"1992",Apr,"1992-04-01",3359.1,3366.5,3161.23,3235.5,"458300000"
"1992",May,"1992-05-01",3396.9,3440.67,3324.02,3359.1,"388240000"
"1992",Jun,"1992-06-01",3318.5,3422.28,3254.05,3396.9,"475360000"
"1992",Jul,"1992-07-01",3393.8,3402.96,3266.53,3318.8,"449770000"
"1992",Aug,"1992-08-01",3257.4,3399.99,3207.1,3393.8,"363380000"
"1992",Sep,"1992-09-01",3271.7,3376.49,3242.76,3257.4,"436570000"
"1992",Oct,"1992-10-01",3226.3,3280.85,3095.79,3271.7,"530760000"
"1992",Nov,"1992-11-01",3305.2,3308.41,3184.67,3226.3,"452340000"
"1992",Dec,"1992-12-01",3301.11,3352.71,3248.16,3305.2,"510650000"
"1993",Jan,"1993-01-01",3310.0,3320.83,3231.95,3301.1,"620010000"
"1993",Feb,"1993-02-01",3370.81,3456.73,3266.8,3310.0,"577510000"
"1993",Mar,"1993-03-01",3435.11,3482.12,3343.26,3370.8,"586100000"
"1993",Apr,"1993-04-01",3427.55,3481.58,3363.79,3435.1,"645990000"
"1993",May,"1993-05-01",3527.43,3565.07,3415.33,3439.4,"472660000"
"1993",Jun,"1993-06-01",3516.08,3569.78,3462.66,3527.4,"461140000"
"1993",Jul,"1993-07-01",3539.47,3583.5,3449.9,3516.1,"500980000"
"1993",Aug,"1993-08-01",3651.25,3663.83,3536.96,3539.5,"526610000"
"1993",Sep,"1993-09-01",3555.12,3655.72,3507.06,3651.3,"487790000"
"1993",Oct,"1993-10-01",3680.59,3708.82,3553.72,3555.1,"529130000"
"1993",Nov,"1993-11-01",3683.95,3717.76,3600.67,3680.6,"576680000"
"1993",Dec,"1993-12-01",3754.09,3799.92,3685.06,3685.1,"517250000"
"1994",Jan,"1994-01-01",3978.36,3985.96,3742.81,3754.1,"619530000"
"1994",Feb,"1994-02-01",3832.02,3982.02,3632.02,3978.4,"508560000"
"1994",Mar,"1994-03-01",3635.96,3895.94,3559.09,3832.0,"667490000"
"1994",Apr,"1994-04-01",3681.69,3710.84,3552.47,3634.5,"566680000"
"1994",May,"1994-05-01",3758.37,3772.79,3623.1,3681.7,"533470000"
"1994",Jun,"1994-06-01",3624.96,3823.39,3610.4,3758.4,"554560000"
"1994",Jul,"1994-07-01",3764.5,3770.0,3623.02,3625.0,"450610000"
"1994",Aug,"1994-08-01",3913.42,3939.32,3736.33,3764.5,"625170000"
"1994",Sep,"1994-09-01",3843.19,3992.64,3820.31,3913.1,"591450000"
"1994",Oct,"1994-10-01",3908.12,3949.84,3747.97,3843.2,"636250000"
"1994",Nov,"1994-11-01",3739.23,3907.78,3638.63,3907.78,"613270000"
"1994",Dec,"1994-12-01",3834.44,3866.4,3655.11,3739.2,"543610000"
"1995",Jan,"1995-01-01",3843.86,3936.72,3817.26,3834.4,"615760000"
"1995",Feb,"1995-02-01",4011.05,4021.23,3831.41,3843.9,"576090000"
"1995",Mar,"1995-03-01",4157.69,4198.84,3945.69,4011.1,"702540000"
"1995",Apr,"1995-04-01",4321.27,4328.53,4155.96,4157.7,"547570000"
"1995",May,"1995-05-01",4465.14,4465.14,4301.56,4321.3,"689940000"
"1995",Jun,"1995-06-01",4556.1,4593.1,4406.69,4465.1,"641520000"
"1995",Jul,"1995-07-01",4708.47,4747.21,4551.25,4556.1,"665580000"
"1995",Aug,"1995-08-01",4610.56,4754.96,4570.85,4708.5,"623030000"
"1995",Sep,"1995-09-01",4789.08,4816.54,4607.03,4610.2,"707190000"
"1995",Oct,"1995-10-01",4755.48,4816.9,4659.74,4789.8,"685570000"
"1995",Nov,"1995-11-01",5074.49,5118.93,4744.64,4753.7,"598970000"
"1995",Dec,"1995-12-01",5117.12,5235.62,5051.73,5075.6,"601160000"
"1996",Jan,"1996-01-01",5395.3,5408.67,5014.52,5115.7,"851030000"
"1996",Feb,"1996-02-01",5485.62,5659.4,5348.34,5394.9,"769130000"
"1996",Mar,"1996-03-01",5587.14,5709.97,5424.2,5488.2,"831070000"
"1996",Apr,"1996-04-01",5569.08,5697.69,5415.53,5588.6,"756530000"
"1996",May,"1996-05-01",5643.18,5796.1,5342.2,5567.6,"801900000"
"1996",Jun,"1996-06-01",5654.63,5742.54,5580.38,5643.9,"647790000"
"1996",Jul,"1996-07-01",5528.91,5733.31,5182.32,5654.6,"781850000"
"1996",Aug,"1996-08-01",5616.21,5739.02,5524.1,5528.9,"615820000"
"1996",Sep,"1996-09-01",5882.17,5929.89,5561.46,5611.8,"649320000"
"1996",Oct,"1996-10-01",6029.38,6133.73,5861.67,5878.4,"766260000"
"1996",Nov,"1996-11-01",6521.7,6589.53,5998.82,6027.1,"741560000"
"1996",Dec,"1996-12-01",6448.27,6587.05,6236.05,6520.6,"781180000"
"1997",Jan,"1997-01-01",6813.09,6906.6,6352.83,6447.5,"1003920000"
"1997",Feb,"1997-02-01",6877.74,7073.62,6710.72,6810.8,"765900000"
"1997",Mar,"1997-03-01",6583.48,7112.1,6561.2,6874.3,"962230000"
"1997",Apr,"1997-04-01",7009.0,7057.55,6356.78,6583.5,"1098930000"
"1997",May,"1997-05-01",7331.0,7394.95,6913.47,7008.99,"1046600000"
"1997",Jun,"1997-06-01",7672.8,7834.06,7253.78,7331.0,"1086740000"
"1997",Jul,"1997-07-01",8222.6,8282.77,7667.36,7678.0,"1265280000"
"1997",Aug,"1997-08-01",7622.4,8299.49,7606.86,8222.8,"1123190000"
"1997",Sep,"1997-09-01",7945.3,8035.63,7580.85,7631.7,"1212550000"
"1997",Oct,"1997-10-01",7442.1,8184.7,6971.07,7948.5,"1605030000"
"1997",Nov,"1997-11-01",7823.1,7881.07,7349.99,7445.8,"1068290000"
"1997",Dec,"1997-12-01",7908.3,8166.29,7576.93,7825.12,"1156060000"
"1998",Jan,"1998-01-01",7906.5,8035.54,7443.41,7910.2,"1324260000"
"1998",Feb,"1998-02-01",8545.72,8566.89,7909.99,7909.99,"1031480000"
"1998",Mar,"1998-03-01",8799.81,8959.24,8405.72,8544.47,"1191880000"
"1998",Apr,"1998-04-01",9063.37,9213.33,8748.74,8801.56,"1387960000"
"1998",May,"1998-05-01",8899.95,9261.91,8788.1,9066.61,"1075240000"
"1998",Jun,"1998-06-01",8952.02,9104.72,8569.88,8900.95,"1287570000"
"1998",Jul,"1998-07-01",8883.29,9367.84,8816.09,8958.99,"1413670000"
"1998",Aug,"1998-08-01",7539.07,8886.12,7539.07,8883.29,"1641660000"
"1998",Sep,"1998-09-01",7842.62,8182.47,7400.3,7545.76,"1897140000"
"1998",Oct,"1998-10-01",8592.1,8659.81,7467.49,7841.33,"1916330000"
"1998",Nov,"1998-11-01",9116.55,9380.2,8595.7,8595.7,"1389030000"
"1998",Dec,"1998-12-01",9181.43,9334.88,8676.03,9116.55,"1507520000"
"1999",Jan,"1999-01-01",9358.83,9647.96,9063.26,9184.01,"1746490000"
"1999",Feb,"1999-02-01",9306.58,9611.33,9099.04,9359.6,"1545220000"
"1999",Mar,"1999-03-01",9786.16,10085.31,9211.23,9307.39,"1993040000"
"1999",Apr,"1999-04-01",10789.04,10961.71,9765.63,9786.44,"2096500000"
"1999",May,"1999-05-01",10559.74,11130.67,10434.26,10789.04,"1842620000"
"1999",Jun,"1999-06-01",10970.8,11003.41,10409.14,10561.01,"1766990000"
"1999",Jul,"1999-07-01",10655.15,11252.27,10647.86,10966.05,"1672190000"
"1999",Aug,"1999-08-01",10829.28,11365.93,10549.08,10654.83,"1857760000"
"1999",Sep,"1999-09-01",10336.95,11142.41,10081.13,10828.44,"1751910000"
"1999",Oct,"1999-10-01",10729.86,10790.02,9976.02,10335.69,"2203030000"
"1999",Nov,"1999-11-01",10877.81,11112.77,10536.27,10730.78,"3250890000"
"1999",Dec,"1999-12-01",11497.12,11568.77,10859.65,10876.47,"3166150000"
"2000",Jan,"2000-01-01",10940.53,11750.28,10701.64,11501.85,"3854530000"
"2000",Feb,"2000-02-01",10128.31,11118.93,9836.06,10937.74,"3661120000"
"2000",Mar,"2000-03-01",10921.92,11234.65,9731.81,10128.11,"4754630000"
"2000",Apr,"2000-04-01",10733.91,11425.45,10201.53,10863.28,"4049750000"
"2000",May,"2000-05-01",10522.33,10971.24,10258.81,10749.42,"3816980000"
"2000",Jun,"2000-06-01",10447.89,10863.0,10335.46,10532.27,"3823590000"
"2000",Jul,"2000-07-01",10521.98,10874.63,10393.09,10450.36,"3248880000"
"2000",Aug,"2000-08-01",11215.1,11319.06,10516.76,10523.81,"3620730000"
"2000",Sep,"2000-09-01",10650.92,11401.19,10567.32,11219.54,"4639930000"
"2000",Oct,"2000-10-01",10971.14,10995.41,9654.64,10659.06,"6254820000"
"2000",Nov,"2000-11-01",10414.49,11006.5,10292.39,10966.21,"4680310000"
"2000",Dec,"2000-12-01",10787.99,10917.68,10299.21,10416.76,"5202580000"
"2001",Jan,"2001-01-01",10887.36,11028.0,10468.04,10790.92,"5825960000"
"2001",Feb,"2001-02-01",10495.28,11035.14,10294.01,10884.82,"4164820000"
"2001",Mar,"2001-03-01",9878.78,10859.5,9106.54,10493.25,"6086470000"
"2001",Apr,"2001-04-01",10734.97,10906.41,9375.72,9877.16,"5241100000"
"2001",May,"2001-05-01",10911.94,11350.05,10673.22,10734.05,"4518100000"
"2001",Jun,"2001-06-01",10502.4,11196.53,10394.72,10913.57,"4914500000"
"2001",Jul,"2001-07-01",10522.81,10679.12,10120.89,10504.95,"4605880000"
"2001",Aug,"2001-08-01",9949.75,10609.65,9869.14,10527.38,"4083400000"
"2001",Sep,"2001-09-01",8847.56,10182.38,8062.34,9946.98,"5555020000"
"2001",Oct,"2001-10-01",9075.14,9598.17,8732.14,8845.97,"5722030000"
"2001",Nov,"2001-11-01",9851.56,9992.79,9014.46,9087.45,"4722560000"
"2001",Dec,"2001-12-01",10021.57,10184.45,9703.9,9848.93,"4302710000"
"2002",Jan,"2002-01-01",9920.0,10300.15,9529.46,10021.71,"4955760000"
"2002",Feb,"2002-02-01",10106.13,10255.24,9580.32,9923.04,"4651890000"
"2002",Mar,"2002-03-01",10403.94,10673.1,10111.04,10111.04,"4589750000"
"2002",Apr,"2002-04-01",9946.22,10402.07,9811.57,10402.07,"5111860000"
"2002",May,"2002-05-01",9925.25,10353.43,9802.23,9944.9,"4800810000"
"2002",Jun,"2002-06-01",9243.26,9986.49,8926.57,9923.94,"5783720000"
"2002",Jul,"2002-07-01",8736.59,9410.38,7532.66,9239.25,"7714600000"
"2002",Aug,"2002-08-01",8663.5,9077.01,8030.82,8732.58,"5591350000"
"2002",Sep,"2002-09-01",7591.93,8726.9,7460.78,8659.27,"5601800000"
"2002",Oct,"2002-10-01",8397.03,8558.63,7197.49,7593.04,"7498850000"
"2002",Nov,"2002-11-01",8896.09,8950.33,8298.68,8395.64,"5410370000"
"2002",Dec,"2002-12-01",8341.63,9043.37,8242.91,8902.95,"4607200000"
"2003",Jan,"2003-01-01",8053.81,8869.29,7917.16,8342.38,"5426600000"
"2003",Feb,"2003-02-01",7891.08,8152.53,7628.99,8053.74,"4418320000"
"2003",Mar,"2003-03-01",7992.13,8522.18,7416.64,7890.24,"5616290000"
"2003",Apr,"2003-04-01",8480.09,8559.77,7979.69,7992.83,"5128590000"
"2003",May,"2003-05-01",8850.26,8868.33,8340.23,8478.48,"4686280000"
"2003",Jun,"2003-06-01",8985.44,9352.77,8851.45,8851.45,"4987850000"
"2003",Jul,"2003-07-01",9233.8,9361.4,8871.2,8983.66,"4911390000"
"2003",Aug,"2003-08-01",9415.82,9499.97,8997.11,9232.68,"3853760000"
"2003",Sep,"2003-09-01",9275.06,9686.08,9230.47,9416.67,"4385460000"
"2003",Oct,"2003-10-01",9801.12,9850.01,9276.8,9276.8,"4840970000"
"2003",Nov,"2003-11-01",9782.46,9903.57,9585.5,9802.46,"3548520000"
"2003",Dec,"2003-12-01",10453.92,10462.44,9785.35,9785.35,"4246080000"
"2004",Jan,"2004-01-01",10488.07,10705.18,10367.41,10452.74,"4380510000"
"2004",Feb,"2004-02-01",10583.92,10753.63,10434.67,10487.78,"3894640000"
"2004",Mar,"2004-03-01",10357.7,10695.55,10007.49,10582.25,"5009640000"
"2004",Apr,"2004-04-01",10225.57,10570.81,10219.18,10357.52,"4530000000"
"2004",May,"2004-05-01",10188.45,10386.32,9852.19,10227.27,"4016800000"
"2004",Jun,"2004-06-01",10435.48,10498.67,10134.86,10187.18,"4111110000"
"2004",Jul,"2004-07-01",10139.71,10448.09,9913.92,10434.0,"4452180000"
"2004",Aug,"2004-08-01",10173.92,10211.25,9783.91,10138.45,"3756550000"
"2004",Sep,"2004-09-01",10080.27,10363.36,9977.92,10170.12,"4638370000"
"2004",Oct,"2004-10-01",10027.47,10270.37,9708.4,10082.04,"5292920000"
"2004",Nov,"2004-11-01",10428.02,10602.85,10010.15,10028.73,"5666600000"
"2004",Dec,"2004-12-01",10783.01,10868.07,10418.63,10425.8,"5744730000"
"2005",Jan,"2005-01-01",10489.94,10867.39,10368.61,10783.75,"5424930000"
"2005",Feb,"2005-02-01",10766.23,10853.43,10489.64,10489.72,"5038600000"
"2005",Mar,"2005-03-01",10503.76,10984.46,10396.24,10769.04,"5820160000"
"2005",Apr,"2005-04-01",10192.51,10568.93,10000.46,10504.57,"5852240000"
"2005",May,"2005-05-01",10467.48,10560.81,10075.55,10192.0,"4843000000"
"2005",Jun,"2005-06-01",10274.97,10656.29,10253.49,10462.86,"5026730000"
"2005",Jul,"2005-07-01",10640.91,10717.73,10175.4,10273.59,"4821200000"
"2005",Aug,"2005-08-01",10481.6,10719.41,10349.37,10641.78,"5082400000"
"2005",Sep,"2005-09-01",10568.7,10701.81,10350.96,10481.44,"5229310000"
"2005",Oct,"2005-10-01",10440.07,10608.56,10156.46,10569.5,"5829060000"
"2005",Nov,"2005-11-01",10805.87,10959.79,10388.76,10440.07,"5385780000"
"2005",Dec,"2005-12-01",10717.5,10940.34,10709.42,10806.03,"5223910000"
"2006",Jan,"2006-01-01",10864.86,11047.76,10661.15,10718.3,"6552210000"
"2006",Feb,"2006-02-01",10993.41,11159.18,10737.67,10862.14,"5759090000"
"2006",Mar,"2006-03-01",11109.32,11334.96,10922.73,10993.25,"6680180000"
"2006",Apr,"2006-04-01",11367.14,11417.66,11039.12,11113.0,"5584020000"
"2006",May,"2006-05-01",11168.31,11670.19,11030.47,11367.78,"7360590000"
"2006",Jun,"2006-06-01",11150.22,11285.82,10698.85,11169.03,"6959660000"
"2006",Jul,"2006-07-01",11185.68,11257.08,10683.32,11149.34,"5548680000"
"2006",Aug,"2006-08-01",11381.15,11407.08,11042.64,11184.8,"4668650000"
"2006",Sep,"2006-09-01",11679.07,11741.99,11323.84,11382.75,"4494890000"
"2006",Oct,"2006-10-01",12080.73,12167.02,11653.06,11678.99,"5665820000"
"2006",Nov,"2006-11-01",12221.93,12361.0,11965.31,12080.25,"4722850000"
"2006",Dec,"2006-12-01",12463.15,12529.88,12089.98,12220.97,"4381310000"
"2007",Jan,"2007-01-01",12621.69,12657.02,12337.37,12459.54,"5075440000"
"2007",Feb,"2007-02-01",12268.63,12795.93,12086.06,12617.2,"4347420000"
"2007",Mar,"2007-03-01",12354.35,12511.05,11939.61,12268.63,"5633180000"
"2007",Apr,"2007-04-01",13062.91,13162.06,12324.28,12354.52,"4819810000"
"2007",May,"2007-05-01",13627.64,13673.07,13041.3,13062.75,"5039850000"
"2007",Jun,"2007-06-01",13408.62,13692.0,13251.53,13628.69,"5227620000"
"2007",Jul,"2007-07-01",13211.99,14021.95,13199.79,13409.6,"5512040000"
"2007",Aug,"2007-08-01",13357.74,13695.82,12517.94,13211.09,"6199120000"
"2007",Sep,"2007-09-01",13895.63,13924.81,13021.93,13358.39,"4328370000"
"2007",Oct,"2007-10-01",13930.01,14198.1,13407.49,13895.71,"5010920000"
"2007",Nov,"2007-11-01",13371.72,13924.16,12724.09,13924.16,"5980230000"
"2007",Dec,"2007-12-01",13264.82,13780.11,13092.0,13368.22,"4310320000"
"2008",Jan,"2008-01-01",12650.36,13279.54,11634.82,13261.82,"7459830000"
"2008",Feb,"2008-02-01",12266.39,12767.74,12069.47,12638.17,"5720360000"
"2008",Mar,"2008-03-01",12262.89,12622.07,11731.6,12264.36,"6229020000"
"2008",Apr,"2008-04-01",12820.13,13010.0,12266.47,12266.64,"5050840000"
"2008",May,"2008-05-01",12638.32,13136.69,12442.59,12818.34,"4530790000"
"2008",Jun,"2008-06-01",11350.01,12638.08,11287.56,12637.67,"5309950000"
"2008",Jul,"2008-07-01",11378.02,11698.17,10827.71,11344.64,"5551580000"
"2008",Aug,"2008-08-01",11543.96,11867.11,11221.53,11379.89,"3578210000"
"2008",Sep,"2008-09-01",10850.66,11790.17,10365.45,11545.63,"6302330000"
"2008",Oct,"2008-10-01",9325.01,10882.52,7882.51,10847.4,"8311580000"
"2008",Nov,"2008-11-01",8829.04,9653.95,7449.38,9326.04,"6262880000"
"2008",Dec,"2008-12-01",8776.39,9026.41,8118.5,8826.89,"5701870000"
"2009",Jan,"2009-01-01",8000.86,9088.06,7909.03,8772.25,"6261980000"
"2009",Feb,"2009-02-01",7062.93,8315.07,7033.62,8000.62,"7134360000"
"2009",Mar,"2009-03-01",7608.92,7931.33,6469.95,7056.48,"10561060000"
"2009",Apr,"2009-04-01",8168.12,8307.51,7483.87,7606.13,"7795900000"
"2009",May,"2009-05-01",8500.33,8591.93,8099.31,8167.41,"6734390000"
"2009",Jun,"2009-06-01",8447.0,8877.93,8259.43,8501.53,"5524080000"
"2009",Jul,"2009-07-01",9171.61,9246.43,8087.19,8447.53,"4902340000"
"2009",Aug,"2009-08-01",9496.28,9630.2,9116.52,9173.65,"4042210000"
"2009",Sep,"2009-09-01",9712.28,9917.99,9252.93,9492.32,"4478480000"
"2009",Oct,"2009-10-01",9712.73,10119.47,9430.08,9711.6,"5151150000"
"2009",Nov,"2009-11-01",10344.84,10495.61,9678.95,9712.13,"3813550000"
"2009",Dec,"2009-12-01",10428.05,10580.33,10235.63,10343.82,"4174040000"
"2010",Jan,"2010-01-01",10067.33,10729.89,10043.75,10430.69,"4424700000"
"2010",Feb,"2010-02-01",10325.26,10438.55,9835.09,10068.99,"4279660000"
"2010",Mar,"2010-03-01",10856.63,10955.48,10326.1,10326.1,"4388530000"
"2010",Apr,"2010-04-01",11008.61,11258.01,10844.09,10857.31,"4237550000"
"2010",May,"2010-05-01",10136.63,11177.67,9774.48,11009.6,"5605690000"
"2010",Jun,"2010-06-01",9774.02,10594.16,9753.84,10133.94,"4941680000"
"2010",Jul,"2010-07-01",10465.94,10584.99,9614.32,9773.27,"4243320000"
"2010",Aug,"2010-08-01",10014.72,10719.94,9936.62,10468.82,"4117550000"
"2010",Sep,"2010-09-01",10788.05,10948.88,10016.01,10016.01,"3764970000"
"2010",Oct,"2010-10-01",11118.49,11247.6,10711.12,10789.72,"3787250000"
"2010",Nov,"2010-11-01",11006.02,11451.53,10929.28,11120.3,"3808130000"
"2010",Dec,"2010-12-01",11577.51,11625.0,11007.23,11007.23,"3252900000"
"2011",Jan,"2011-01-01",11891.93,12020.52,11573.87,11577.43,"3681720000"
"2011",Feb,"2011-02-01",12226.34,12391.29,11892.5,11892.5,"3220480000"
"2011",Mar,"2011-03-01",12319.73,12383.46,11555.48,12226.49,"3851830000"
"2011",Apr,"2011-04-01",12810.54,12832.83,12093.89,12321.02,"3321090000"
"2011",May,"2011-05-01",12569.79,12876.0,12309.52,12810.16,"3578020000"
"2011",Jun,"2011-06-01",12414.34,12569.49,11862.53,12569.41,"3876460000"
"2011",Jul,"2011-07-01",12143.24,12753.89,12083.45,12414.34,"3092480000"
"2011",Aug,"2011-08-01",11613.53,12282.42,10604.07,12144.22,"6203230000"
"2011",Sep,"2011-09-01",10913.38,11716.84,10597.14,11613.3,"4396520000"
"2011",Oct,"2011-10-01",11955.01,12284.31,10404.49,10912.1,"3907730000"
"2011",Nov,"2011-11-01",12045.68,12187.51,11231.43,11951.53,"3263110000"
"2011",Dec,"2011-12-01",12217.56,12328.47,11735.19,12046.21,"3071480000"
"2012",Jan,"2012-01-01",12632.91,12841.95,12221.19,12221.19,"2981080000"
"2012",Feb,"2012-02-01",12952.07,13055.75,12632.76,12632.76,"2712170000"
"2012",Mar,"2012-03-01",13212.04,13289.08,12734.86,12952.29,"3203390000"
"2012",Apr,"2012-04-01",13213.63,13297.11,12710.56,13211.36,"2574900000"
"2012",May,"2012-05-01",12393.45,13338.66,12311.56,13214.16,"3050000000"
"2012",Jun,"2012-06-01",12880.09,12898.94,12035.09,12391.56,"2923670000"
"2012",Jul,"2012-07-01",13008.68,13128.64,12492.25,12879.71,"2578110000"
"2012",Aug,"2012-08-01",13090.84,13330.76,12778.9,13007.47,"2267280000"
"2012",Sep,"2012-09-01",13437.13,13653.24,12977.09,13092.15,"2701270000"
"2012",Oct,"2012-10-01",13096.46,13661.87,13017.37,13437.66,"2472600000"
"2012",Nov,"2012-11-01",13025.58,13290.75,12471.49,13099.19,"2683930000"
"2012",Dec,"2012-12-01",13104.14,13365.86,12883.89,13027.73,"2666750000"
"2013",Jan,"2013-01-01",13860.58,13969.99,13104.3,13104.3,"2786680000"
"2013",Feb,"2013-02-01",14054.49,14149.15,13784.01,13860.58,"2487580000"
"2013",Mar,"2013-03-01",14578.54,14585.1,13937.6,14054.49,"2546320000"
"2013",Apr,"2013-04-01",14839.8,14887.51,14434.43,14578.54,"2920230000"
"2013",May,"2013-05-01",15115.57,15542.4,14687.05,14839.8,"2771510000"
"2013",Jun,"2013-06-01",14909.6,15340.09,14551.27,15123.55,"2929040000"
"2013",Jul,"2013-07-01",15499.54,15634.32,14858.93,14911.6,"2623130000"
"2013",Aug,"2013-08-01",14810.31,15658.43,14760.41,15503.85,"2327660000"
"2013",Sep,"2013-09-01",15129.67,15709.58,14777.48,14801.55,"2371540000"
"2013",Oct,"2013-10-01",15545.75,15721.0,14719.43,15132.49,"2206620000"
"2013",Nov,"2013-11-01",16086.41,16174.51,15522.18,15558.01,"1820260000"
"2013",Dec,"2013-12-01",16576.66,16588.25,15703.79,16087.12,"2057160000"
"2014",Jan,"2014-01-01",15698.85,16573.07,15617.55,16572.17,"2177040000"
"2014",Feb,"2014-02-01",16321.71,16398.95,15340.69,15697.69,"2067820000"
"2014",Mar,"2014-03-01",16457.66,16505.7,16046.99,16321.71,"2095940000"
"2014",Apr,"2014-04-01",16580.84,16631.63,16015.32,16458.05,"1986960000"
"2014",May,"2014-05-01",16717.17,16735.51,16341.3,16580.26,"1643160000"
"2014",Jun,"2014-06-01",16826.6,16978.02,16673.65,16716.85,"1755480000"
"2014",Jul,"2014-07-01",16563.3,17151.56,16563.3,16828.53,"1690880000"
"2014",Aug,"2014-08-01",17098.45,17153.8,16333.78,16561.7,"1482600000"
"2014",Sep,"2014-09-01",17042.9,17350.64,16934.43,17097.42,"1870550000"
"2014",Oct,"2014-10-01",17390.52,17395.54,15855.12,17040.46,"2903240000"
"2014",Nov,"2014-11-01",17828.24,17894.83,17278.36,17390.9,"1516490000"
"2014",Dec,"2014-12-01",17823.07,18103.45,17067.59,17827.27,"2216900000"
"2015",Jan,"2015-01-01",17164.95,17951.78,17136.3,17823.07,"2173260000"
"2015",Feb,"2015-02-01",18132.7,18244.38,17037.76,17169.99,"1751250000"
"2015",Mar,"2015-03-01",17776.12,18288.63,17579.27,18134.05,"2470480000"
"2015",Apr,"2015-04-01",17840.52,18175.56,17585.01,17778.52,"2174880000"
"2015",May,"2015-05-01",18010.68,18351.36,17733.12,17859.27,"1832450000"
"2015",Jun,"2015-06-01",17619.51,18188.81,17576.5,18017.82,"2219240000"
"2015",Jul,"2015-07-01",17689.86,18137.12,17399.17,17638.12,"2034220000"
"2015",Aug,"2015-08-01",16528.03,17704.76,15370.33,17696.74,"2726340000"
"2015",Sep,"2015-09-01",16284.7,16933.43,15942.37,16528.03,"2724080000"
"2015",Oct,"2015-10-01",17663.54,17799.96,16013.66,16278.62,"2605470000"
"2015",Nov,"2015-11-01",17719.92,17977.85,17210.43,17672.62,"2334610000"
"2015",Dec,"2015-12-01",17425.03,17901.58,17116.73,17719.72,"2521440000"
"2016",Jan,"2016-01-01",16466.3,17405.48,15450.56,17405.48,"2844080000"
"2016",Feb,"2016-02-01",16516.5,16795.98,15503.01,16453.63,"2491810000"
"2016",Mar,"2016-03-01",17685.09,17790.11,16545.67,16545.67,"2407750000"
"2016",Apr,"2016-04-01",17773.64,18167.63,17484.23,17661.74,"2096650000"
"2016",May,"2016-05-01",17787.2,17934.61,17331.07,17783.78,"1879010000"
"2016",Jun,"2016-06-01",17929.99,18016.0,17063.08,17754.55,"2350020000"
"2016",Jul,"2016-07-01",18432.24,18622.01,17713.45,17924.24,"1816520000"
"2016",Aug,"2016-08-01",18400.88,18722.61,18247.79,18434.5,"1695750000"
"2016",Sep,"2016-09-01",18308.15,18551.54,17992.21,18396.57,"2101120000"
"2016",Oct,"2016-10-01",18142.42,18399.96,17959.95,18279.6,"1793690000"
"2016",Nov,"2016-11-01",19123.58,19225.29,17883.56,18158.24,"2107770000"
"2016",Dec,"2016-12-01",19762.6,19987.63,19138.79,19149.2,"5952470000"
"2017",Jan,"2017-01-01",19864.09,20125.58,19677.94,19872.86,"6482900000"
"2017",Feb,"2017-02-01",20812.24,20851.33,19831.09,19923.81,"6185580000"
"2017",Mar,"2017-03-01",20663.22,21169.11,20412.8,20957.29,"6941970000"
"2017",Apr,"2017-04-01",20940.51,21070.9,20379.55,20665.17,"5392630000"
"2017",May,"2017-05-01",21008.65,21112.32,20553.45,20962.73,"6613570000"
"2017",Jun,"2017-06-01",21349.63,21535.03,20994.22,21030.55,"7214590000"
"2017",Jul,"2017-07-01",21891.12,21929.8,21279.3,21392.3,"5569720000"
"2017",Aug,"2017-08-01",21948.1,22179.11,21600.34,21961.42,"6150060000"
"2017",Sep,"2017-09-01",22405.09,22419.51,21709.63,21981.77,"6342130000"
"2017",Oct,"2017-10-01",23377.24,23485.25,22416.0,22423.47,"7302910000"
"2017",Nov,"2017-11-01",24272.35,24327.82,23242.75,23442.9,"7335640000"
"2017",Dec,"2017-12-01",24719.22,24876.07,23921.9,24305.4,"6589890000"
"2018",Jan,"2018-01-01",26149.39,26616.71,24741.7,24809.35,"9116920000"
"2018",Feb,"2018-02-01",25029.2,26306.7,23360.29,26083.04,"9450250000"
"2018",Mar,"2018-03-01",24103.11,25449.15,23509.06,25024.04,"8873040000"
"2018",Apr,"2018-04-01",24163.15,24858.97,23344.52,24076.6,"8064550000"
"2018",May,"2018-05-01",24415.84,25086.49,23531.31,24117.29,"7278020000"
"2018",Jun,"2018-06-01",24271.41,25402.83,23997.21,24542.09,"7411110000"
"2018",Jul,"2018-07-01",25415.19,25587.24,24077.56,24161.53,"5408500000"
"2018",Aug,"2018-08-01",25964.82,26167.94,24965.77,25461.63,"5635410000"
"2018",Sep,"2018-09-01",26458.31,26769.16,25754.32,25916.07,"5262500000"
"2018",Oct,"2018-10-01",25115.76,26951.81,24122.23,26598.36,"8373350000"
"2018",Nov,"2018-11-01",25538.46,26277.82,24268.74,25142.08,"7226940000"
"2018",Dec,"2018-12-01",23327.46,25980.21,21712.53,25779.57,"8101540000"
"2019",Jan,"2019-01-01",24999.67,25109.62,22638.41,23058.61,"7189200000"
"2019",Feb,"2019-02-01",25916.0,26241.42,24883.04,25025.31,"5434540000"
"2019",Mar,"2019-03-01",25928.68,26155.98,25208.0,26019.67,"6637700000"
"2019",Apr,"2019-04-01",26592.91,26695.96,26062.59,26075.1,"5854600000"
"2019",May,"2019-05-01",24815.04,26689.39,24809.51,26639.06,"6358230000"
"2019",Jun,"2019-06-01",26599.96,26907.37,24680.57,24830.16,"5544390000"
"2019",Jul,"2019-07-01",26864.27,27398.68,26616.21,26805.86,"5207470000"
"2019",Aug,"2019-08-01",26403.28,27175.59,25339.6,26879.86,"6196080000"
"2019",Sep,"2019-09-01",26916.83,27306.73,25978.22,26198.26,"5045520000"
"2019",Oct,"2019-10-01",27046.23,27204.36,25743.46,26962.54,"5660960000"
"2019",Nov,"2019-11-01",28051.41,28174.97,27142.95,27142.95,"4925180000"
"2019",Dec,"2019-12-01",28538.44,28701.66,27325.13,28109.74,"5086880000"
"2020",Jan,"2020-01-01",28256.03,29373.62,28169.53,28638.97,"6170770000"
"2020",Feb,"2020-02-01",25409.36,29568.57,24681.01,28319.65,"6991990000"
"2020",Mar,"2020-03-01",21917.16,27102.34,18213.65,25590.51,"15521140000"
"2020",Apr,"2020-04-01",24345.72,24764.77,20735.02,21227.38,"9805160000"
"2020",May,"2020-05-01",25383.11,25758.79,22789.62,24120.78,"7940630000"
"2020",Jun,"2020-06-01",25812.88,27580.21,24843.18,25342.99,"9710480000"
"2020",Jul,"2020-07-01",26428.32,27071.33,25523.51,25879.38,"8210370000"
"2020",Aug,"2020-08-01",28430.05,28733.35,26534.38,26542.32,"7452360000"
"2020",Sep,"2020-09-01",27781.7,29199.35,26537.01,28439.61,"9973920000"
"2020",Oct,"2020-10-01",26501.6,28957.9,26143.77,27940.63,"8439930000"
"2020",Nov,"2020-11-01",29638.64,30116.51,26691.28,26691.28,"7872380000"
"2020",Dec,"2020-12-01",30606.48,30637.47,29599.29,29797.5,"8098310000"
"2021",Jan,"2021-01-01",29982.62,31272.22,29856.3,30627.47,"8168770000"
"2021",Feb,"2021-02-01",30932.37,32009.64,30014.97,30054.73,"6713920000"
"2021",Mar,"2021-03-01",32981.55,33259.0,30547.53,31065.9,"9687630000"
"2021",Apr,"2021-04-01",33874.85,34256.75,32985.35,33054.58,"6810740000"
"2021",May,"2021-05-01",34529.45,35091.56,33473.8,33904.89,"6543360000"
"2021",Jun,"2021-06-01",34502.51,34849.32,33271.93,34584.19,"6739760000"
"2021",Jul,"2021-07-01",34935.47,35171.52,33741.76,34507.32,"6646570000"
"2021",Aug,"2021-08-01",35360.73,35631.19,34690.25,34968.56,"5625700000"
"2021",Sep,"2021-09-01",33843.92,35475.4,33613.03,35387.55,"6603470000"
"2021",Oct,"2021-10-01",35819.56,35892.92,33785.54,33930.7,"6709650000"
"2021",Nov,"2021-11-01",34483.72,36565.73,34424.44,35833.65,"7201370000"
"2021",Dec,"2021-12-01",36338.3,36679.44,34006.98,34678.94,"8304570000"
"2022",Jan,"2022-01-01",35131.86,36952.65,33150.33,36321.59,"8811950000"
"2022",Feb,"2022-02-01",33892.6,35824.28,32272.64,35151.47,"7256540000"
"2022",Mar,"2022-03-01",34678.35,35372.26,32578.73,33813.48,"9154390000"
"2022",Apr,"2022-04-01",32977.21,35492.22,32913.15,34740.89,"7146800000"
"2022",May,"2022-05-01",32990.12,34117.74,30635.76,32978.49,"8934160000"
"2022",Jun,"2022-06-01",30775.43,33272.34,29653.29,33156.31,"7655170000"
"2022",Jul,"2022-07-01",32845.13,32910.18,30143.93,30737.77,"6354530000"
"2022",Aug,"2022-08-01",31510.43,34281.36,31509.59,32755.71,"6960090000"
"2022",Sep,"2022-09-01",28725.51,32504.04,28715.85,31454.58,"7785160000"
"2022",Oct,"2022-10-01",32732.95,32889.81,28660.94,28855.25,"7758140000"
"2022",Nov,"2022-11-01",34589.77,34589.77,31727.05,32862.79,"7214910000"
"2022",Dec,"2022-12-01",33147.25,34712.28,32573.43,34533.59,"6980640000"
"2023",Jan,"2023-01-01",34086.04,34342.32,32812.33,33148.9,"6774530000"
"2023",Feb,"2023-02-01",32656.7,34334.7,32636.43,34039.6,"6105230000"
"2023",Mar,"2023-03-01",33274.15,33572.22,31429.82,32656.37,"8080340000"
"2023",Apr,"2023-04-01",34098.16,34104.56,33235.85,33245.78,"5336390000"
"2023",May,"2023-05-01",32908.27,34257.83,32586.56,34116.81,"6622820000"
"2023",Jun,"2023-06-01",34407.6,34588.68,32704.51,32929.85,"6973110000"
"2023",Jul,"2023-07-01",35559.53,35645.35,33705.68,34369.78,"6364870000"
"2023",Aug,"2023-08-01",34721.91,35679.13,34029.22,35585.99,"7048360000"
"2023",Sep,"2023-09-01",33507.5,34979.18,33306.3,34876.24,"6186180000"
"2023",Oct,"2023-10-01",33052.87,34147.63,32327.2,33455.5,"6689000000"
"2023",Nov,"2023-11-01",35950.89,35970.7,33010.85,33081.87,"6275680000"
"2023",Dec,"2023-12-01",37689.54,37778.85,35914.45,35914.45,"6326740000"
"2024",Jan,"2024-01-01",38150.3,38588.86,37122.95,37566.22,"7141910000"
"2024",Feb,"2024-02-01",38996.39,39282.28,38039.86,38175.34,"6258860000"
"2024",Mar,"2024-03-01",39807.37,39889.05,38457.83,38989.51,"7300670000"
"2024",Apr,"2024-04-01",37815.92,39815.0,37611.56,39807.93,"7743400000"
"2024",May,"2024-05-01",38686.32,40077.4,37780.54,37845.56,"7502120000"
"2024",Jun,"2024-06-01",39118.86,39571.23,38247.22,38709.99,"7213580000"
"2024",Jul,"2024-07-01",40842.79,41376.0,39037.94,39186.2,"7507140000"
"2024",Aug,"2024-08-01",41563.08,41585.21,38499.27,40916.96,"8368220000"
"2024",Sep,"2024-09-01",42330.15,42628.32,39993.07,41489.67,"8288760000"
"2024",Oct,"2024-10-01",41763.46,43325.09,41704.63,42262.97,"7172340000"
"2024",Nov,"2024-11-01",44910.65,45071.29,41647.3,41869.82,"10146270000"
"2024",Dec,"2024-12-01",42544.22,45073.63,42146.33,44925.86,"10249910000"
"2025",Jan,"2025-01-01",44544.66,45054.36,41844.89,42660.09,"12074770000"
"2025",Feb,"2025-02-01",43840.91,44966.63,43100.87,44268.15,"10732680000"
"2025",Mar,"2025-03-01",42001.76,44033.78,40661.77,43900.49,"13790900000"
"2025",Apr,"2025-04-01",40669.36,42382.27,36611.78,41879.75,"15882240000"
